{
  "version": 1,
  "author": "Felipe Torres",
  "editor": "wokwi",
  "parts": [
    { "type": "wokwi-breadboard-half", "id": "bb1", "top": 361.8, "left": -266, "attrs": {} },
    {
      "type": "board-esp32-devkit-c-v4",
      "id": "esp",
      "top": 171.14,
      "left": -149.9,
      "rotate": 90,
      "attrs": { "env": "micropython-20231227-v1.22.0" }
    },
    {
      "type": "wokwi-led",
      "id": "led1",
      "top": 399.6,
      "left": -187.8,
      "attrs": { "color": "red", "flip": "1" }
    },
    {
      "type": "wokwi-resistor",
      "id": "r1",
      "top": 445.55,
      "left": -230.4,
      "attrs": { "value": "65" }
    },
    {
      "type": "wokwi-led",
      "id": "led2",
      "top": 399.6,
      "left": -53.8,
      "attrs": { "color": "blue", "flip": "" }
    },
    {
      "type": "wokwi-resistor",
      "id": "r2",
      "top": 445.55,
      "left": -28.8,
      "attrs": { "value": "65" }
    },
    {
      "type": "wokwi-pushbutton-6mm",
      "id": "btn1",
      "top": 449,
      "left": -115.2,
      "attrs": { "color": "green" }
    }
  ],
  "connections": [
    [ "esp:TX", "$serialMonitor:RX", "", [] ],
    [ "esp:RX", "$serialMonitor:TX", "", [] ],
    [ "led1:C", "bb1:tn.6", "green", [ "v0", "h9.2", "v-48" ] ],
    [ "esp:14", "bb1:2t.d", "red", [ "v-20.71", "h-106.74" ] ],
    [ "esp:GND.2", "bb1:tn.20", "black", [ "v0" ] ],
    [ "esp:27", "bb1:29t.d", "green", [ "v-19.05", "h163.2" ] ],
    [ "r1:1", "bb1:2t.e", "", [ "$bb" ] ],
    [ "r1:2", "bb1:8t.e", "", [ "$bb" ] ],
    [ "led1:A", "bb1:8t.d", "", [ "$bb" ] ],
    [ "led1:C", "bb1:9t.d", "", [ "$bb" ] ],
    [ "r2:1", "bb1:23t.e", "", [ "$bb" ] ],
    [ "r2:2", "bb1:29t.e", "", [ "$bb" ] ],
    [ "led2:A", "bb1:23t.d", "", [ "$bb" ] ],
    [ "led2:C", "bb1:22t.d", "", [ "$bb" ] ],
    [ "bb1:tn.15", "bb1:17b.g", "green", [ "v0" ] ],
    [ "btn1:1.l", "bb1:14t.e", "", [ "$bb" ] ],
    [ "btn1:1.r", "bb1:17t.e", "", [ "$bb" ] ],
    [ "btn1:2.r", "bb1:17b.f", "green", [ "h0" ] ],
    [ "esp:17", "bb1:14t.d", "green", [ "v0" ] ],
    [ "led2:C", "bb1:tn.17", "green", [ "v0" ] ]
  ],
  "dependencies": {}
}