{
  "version": 1,
  "author": "Felipe Torres",
  "editor": "wokwi",
  "parts": [
    { "type": "wokwi-breadboard-half", "id": "bb1", "top": 198.6, "left": -150.8, "attrs": {} },
    {
      "type": "board-esp32-devkit-c-v4",
      "id": "esp",
      "top": -20.86,
      "left": -44.3,
      "rotate": 90,
      "attrs": { "env": "micropython-20231227-v1.22.0" }
    },
    {
      "type": "wokwi-led",
      "id": "led1",
      "top": 236.4,
      "left": -82.2,
      "attrs": { "color": "limegreen", "flip": "1" }
    },
    {
      "type": "wokwi-led",
      "id": "led2",
      "top": 236.4,
      "left": 71,
      "attrs": { "color": "yellow" }
    },
    {
      "type": "wokwi-led",
      "id": "led3",
      "top": 303.6,
      "left": -72.6,
      "attrs": { "color": "red", "flip": "1" }
    },
    {
      "type": "wokwi-resistor",
      "id": "r1",
      "top": 282.35,
      "left": -124.8,
      "attrs": { "value": "65" }
    },
    {
      "type": "wokwi-pushbutton-6mm",
      "id": "btn1",
      "top": 285.8,
      "left": 9.6,
      "attrs": { "color": "green" }
    },
    {
      "type": "wokwi-resistor",
      "id": "r2",
      "top": 282.35,
      "left": 96,
      "attrs": { "value": "65" }
    },
    {
      "type": "wokwi-resistor",
      "id": "r3",
      "top": 349.55,
      "left": -115.2,
      "attrs": { "value": "65" }
    }
  ],
  "connections": [
    [ "esp:TX", "$serialMonitor:RX", "", [] ],
    [ "esp:RX", "$serialMonitor:TX", "", [] ],
    [ "esp:14", "bb1:1t.d", "green", [ "v-19.05", "h-144" ] ],
    [ "led1:C", "bb1:tn.7", "green", [ "v0", "h9.6" ] ],
    [ "esp:17", "bb1:15t.d", "green", [ "v28.8", "h19.2" ] ],
    [ "bb1:tn.15", "bb1:18b.f", "green", [ "v9.5", "h20.8", "v76.8" ] ],
    [ "btn1:2.r", "bb1:18b.f", "green", [ "h0" ] ],
    [ "esp:GND.2", "bb1:tn.20", "black", [ "v0" ] ],
    [ "r1:1", "bb1:1t.e", "", [ "$bb" ] ],
    [ "r1:2", "bb1:7t.e", "", [ "$bb" ] ],
    [ "led2:C", "bb1:tn.17", "green", [ "v-38.4", "h-9.2" ] ],
    [ "r2:1", "bb1:24t.e", "", [ "$bb" ] ],
    [ "r2:2", "bb1:30t.e", "", [ "$bb" ] ],
    [ "esp:27", "bb1:30t.d", "green", [ "v-19.05", "h28.8" ] ],
    [ "esp:12", "bb1:2b.i", "green", [ "v-28.65", "h-134.4" ] ],
    [ "r3:1", "bb1:2b.j", "", [ "$bb" ] ],
    [ "r3:2", "bb1:8b.j", "", [ "$bb" ] ],
    [ "led3:C", "bb1:tn.11", "green", [ "v19.2", "h18.8" ] ],
    [ "btn1:1.l", "bb1:15t.e", "", [ "$bb" ] ],
    [ "btn1:1.r", "bb1:18t.e", "", [ "$bb" ] ],
    [ "led1:A", "bb1:7t.d", "", [ "$bb" ] ],
    [ "led1:C", "bb1:8t.d", "", [ "$bb" ] ],
    [ "led3:A", "bb1:8b.i", "", [ "$bb" ] ],
    [ "led3:C", "bb1:9b.i", "", [ "$bb" ] ],
    [ "led2:A", "bb1:24t.d", "", [ "$bb" ] ],
    [ "led2:C", "bb1:23t.d", "", [ "$bb" ] ]
  ],
  "dependencies": {}
}